,com_1,com_2,pmi,id,status,label
4180,Animemes,fantasyfootball,-1.0381476437337913,fantasyfootball___Animemes,LOW,0
4192,PewdiepieSubmissions,fantasyfootball,-0.756377989912492,fantasyfootball___PewdiepieSubmissions,LOW,0
2209,Warframe,fantasyfootball,-0.6851169816583954,Warframe___fantasyfootball,LOW,0
2071,personalfinance,Animemes,-0.6362006459512458,personalfinance___Animemes,LOW,0
2083,PewdiepieSubmissions,personalfinance,-0.6216045033583016,personalfinance___PewdiepieSubmissions,LOW,0
959,Warframe,CollegeBasketball,-0.6097922796158939,CollegeBasketball___Warframe,LOW,0
1078,anime,barstoolsports,-0.5995055587673196,barstoolsports___anime,LOW,0
3793,baseball,Animemes,-0.561352540540103,baseball___Animemes,LOW,0
1005,CollegeBasketball,Animemes,-0.5534013137845482,CollegeBasketball___Animemes,LOW,0
4633,CFB,PewdiepieSubmissions,-0.5450605753690092,CFB___PewdiepieSubmissions,LOW,0
2223,CFB,Warframe,-0.5194914203282495,Warframe___CFB,LOW,0
4546,CFB,Animemes,-0.5137793863590199,Animemes___CFB,LOW,0
4174,fantasyfootball,Minecraft,-0.5092078602356279,fantasyfootball___Minecraft,LOW,0
4822,nfl,PewdiepieSubmissions,-0.5072371826734231,PewdiepieSubmissions___nfl,LOW,0
4425,MMA,Animemes,-0.49793410111782016,MMA___Animemes,LOW,0
1093,barstoolsports,Animemes,-0.4795963694862749,barstoolsports___Animemes,LOW,0
4564,nfl,Animemes,-0.4773709787049113,Animemes___nfl,LOW,0
4515,hockey,Animemes,-0.4371011729696575,hockey___Animemes,LOW,0
1087,Minecraft,barstoolsports,-0.41007216127317514,barstoolsports___Minecraft,LOW,0
2241,nfl,Warframe,-0.4098924628234712,Warframe___nfl,LOW,0
398,grandorder,trees,-0.4028201673946657,trees___grandorder,LOW,0
1017,PewdiepieSubmissions,CollegeBasketball,-0.3952066442268006,CollegeBasketball___PewdiepieSubmissions,LOW,0
3805,baseball,PewdiepieSubmissions,-0.3780373337824929,baseball___PewdiepieSubmissions,LOW,0
2200,baseball,Warframe,-0.37751554406980714,Warframe___baseball,LOW,0
4381,nfl,Minecraft,-0.3766937247268697,Minecraft___nfl,LOW,0
802,FIFA,DnD,-0.37469626455396476,DnD___FIFA,LOW,0
1473,Brawlstars,television,-0.3435114040136394,television___Brawlstars,LOW,0
4356,MMA,Minecraft,-0.3283040852322032,Minecraft___MMA,LOW,0
2252,relationships,Brawlstars,-0.3108144027501229,Brawlstars___relationships,LOW,0
2026,personalfinance,Brawlstars,-0.3066290683203984,personalfinance___Brawlstars,LOW,0
4363,CFB,Minecraft,-0.3048212558974379,Minecraft___CFB,LOW,0
4205,fantasyfootball,teenagers,-0.2988447907592562,fantasyfootball___teenagers,LOW,0
2065,personalfinance,Minecraft,-0.2954601107868869,personalfinance___Minecraft,LOW,0
764,reddevils,DnD,-0.2930589908950547,DnD___reddevils,LOW,0
1865,ffxiv,teenagers,-0.2917498913279181,ffxiv___teenagers,LOW,0
2095,dankmemes,personalfinance,-0.2908404310905124,personalfinance___dankmemes,LOW,0
1950,canada,Brawlstars,-0.29038731207588986,canada___Brawlstars,LOW,0
4566,nba,Animemes,-0.2895026093729661,Animemes___nba,LOW,0
766,DnD,barstoolsports,-0.2891524065742486,DnD___barstoolsports,LOW,0
225,europe,pokemontrades,-0.27700364842798497,pokemontrades___europe,LOW,0
999,CollegeBasketball,Minecraft,-0.2749217304364492,CollegeBasketball___Minecraft,LOW,0
2194,Cricket,Warframe,-0.27306237205600575,Warframe___Cricket,LOW,0
4177,ukpolitics,fantasyfootball,-0.2667943259152458,fantasyfootball___ukpolitics,LOW,0
2290,ukpolitics,Brawlstars,-0.2613755885760115,Brawlstars___ukpolitics,LOW,0
2539,relationships,Rainbow6,-0.25896935802840854,relationships___Rainbow6,LOW,0
2587,relationships,PewdiepieSubmissions,-0.252250961663427,relationships___PewdiepieSubmissions,LOW,0
4527,hockey,PewdiepieSubmissions,-0.25130002305509147,hockey___PewdiepieSubmissions,LOW,0
1325,deadbydaylight,Cricket,-0.23976053956111915,deadbydaylight___Cricket,LOW,0
1530,television,PewdiepieSubmissions,-0.23539784118954038,television___PewdiepieSubmissions,LOW,0
910,reddevils,Minecraft,-0.22353510531035203,reddevils___Minecraft,LOW,0
1105,barstoolsports,PewdiepieSubmissions,-0.22295074959554245,barstoolsports___PewdiepieSubmissions,LOW,0
3484,Cricket,Minecraft,-0.22107923100452825,Cricket___Minecraft,LOW,0
2575,relationships,Animemes,-0.22069247739314496,relationships___Animemes,LOW,0
2243,nba,Warframe,-0.2173826370271065,Warframe___nba,LOW,0
779,DnD,hiphopheads,-0.2125765705466234,DnD___hiphopheads,LOW,0
4925,teenagers,nfl,-0.21143741998833918,nfl___teenagers,LOW,0
800,DnD,Cricket,-0.2069309172914376,DnD___Cricket,LOW,0
2304,news,Brawlstars,-0.20302268239763113,Brawlstars___news,LOW,0
4383,nba,Minecraft,-0.20128175430739137,Minecraft___nba,LOW,0
916,reddevils,Animemes,-0.19272313187381518,reddevils___Animemes,LOW,0
2096,teenagers,personalfinance,-0.18787597940145354,personalfinance___teenagers,LOW,0
223,conspiracy,pokemontrades,-0.1878223466123496,pokemontrades___conspiracy,LOW,0
2993,pathofexile,teenagers,-0.1794165022624163,pathofexile___teenagers,LOW,0
99,neoliberal,pokemontrades,-0.17881195797215785,neoliberal___pokemontrades,LOW,0
3787,baseball,Minecraft,-0.17676100267306785,baseball___Minecraft,LOW,0
1995,canada,Animemes,-0.17556967319534583,canada___Animemes,LOW,0
2035,Rainbow6,personalfinance,-0.16834986365963608,personalfinance___Rainbow6,LOW,0
948,CollegeBasketball,deadbydaylight,-0.16634788776285045,CollegeBasketball___deadbydaylight,LOW,0
3541,ChapoTrapHouse,RocketLeagueExchange,-0.15951552637249516,RocketLeagueExchange___ChapoTrapHouse,LOW,0
4646,CFB,teenagers,-0.15860997364337245,CFB___teenagers,LOW,0
1354,deadbydaylight,CFB,-0.15325864494680094,deadbydaylight___CFB,LOW,0
1218,grandorder,personalfinance,-0.15080731657772856,grandorder___personalfinance,LOW,0
2299,todayilearned,Brawlstars,-0.1488476602880695,Brawlstars___todayilearned,LOW,0
1512,television,Minecraft,-0.14854992280901416,television___Minecraft,LOW,0
870,reddevils,Warframe,-0.14442985671372383,reddevils___Warframe,LOW,0
1518,television,Animemes,-0.14044778023822166,television___Animemes,LOW,0
2320,politics,Brawlstars,-0.13961977519485674,Brawlstars___politics,LOW,0
235,pokemontrades,PoliticalHumor,-0.1352498351218125,pokemontrades___PoliticalHumor,LOW,0
2357,RoastMe,Games,-0.13302721431840742,Games___RoastMe,LOW,0
4797,news,PewdiepieSubmissions,-0.12921910907256853,news___PewdiepieSubmissions,LOW,0
2219,hockey,Warframe,-0.12724479465043945,Warframe___hockey,LOW,0
2585,relationships,FortNiteBR,-0.12348074267091767,relationships___FortNiteBR,LOW,0
2312,worldnews,Brawlstars,-0.12339383079405836,Brawlstars___worldnews,LOW,0
216,pokemontrades,canada,-0.11951406139530496,pokemontrades___canada,LOW,0
1852,ffxiv,PewdiepieSubmissions,-0.11851999602405397,ffxiv___PewdiepieSubmissions,LOW,0
2028,me_irl,personalfinance,-0.11721247389560902,personalfinance___me_irl,LOW,0
2295,movies,Brawlstars,-0.11706509234564856,Brawlstars___movies,LOW,0
2238,soccer,Warframe,-0.11074913800099959,Warframe___soccer,LOW,0
4824,nba,PewdiepieSubmissions,-0.10989184783914689,PewdiepieSubmissions___nba,LOW,0
1970,canada,RocketLeagueExchange,-0.10586867997941282,canada___RocketLeagueExchange,LOW,0
1814,ffxiv,Cricket,-0.10583917267846192,ffxiv___Cricket,LOW,0
4359,hockey,Minecraft,-0.10539544309618172,Minecraft___hockey,LOW,0
4570,politics,Animemes,-0.09783527892281906,Animemes___politics,LOW,0
3595,FIFA,Animemes,-0.09687096010530472,FIFA___Animemes,LOW,0
2618,RocketLeagueExchange,europe,-0.09549335548891257,europe___RocketLeagueExchange,LOW,0
2249,Games,Brawlstars,-0.09085790181330212,Brawlstars___Games,LOW,0
509,GlobalOffensive,relationships,-0.09039767009639034,GlobalOffensive___relationships,LOW,0
2288,videos,Brawlstars,-0.08939128193247094,Brawlstars___videos,LOW,0
4437,MMA,PewdiepieSubmissions,-0.08802496996633762,MMA___PewdiepieSubmissions,LOW,0
4204,dankmemes,fantasyfootball,-0.08746564613906378,fantasyfootball___dankmemes,LOW,0
4206,memes,fantasyfootball,-0.08575834933815196,fantasyfootball___memes,LOW,0
2377,Games,PewdiepieSubmissions,-0.08359604054160898,Games___PewdiepieSubmissions,LOW,0
4007,anime,fantasyfootball,-0.08243052484465264,anime___fantasyfootball,LOW,0
2390,Games,teenagers,-0.07968349626173031,Games___teenagers,LOW,0
1303,deadbydaylight,personalfinance,-0.07852875864268975,deadbydaylight___personalfinance,LOW,0
4468,ukpolitics,PewdiepieSubmissions,-0.07513368298644624,ukpolitics___PewdiepieSubmissions,LOW,0
3151,gameofthrones,Animemes,-0.07174204350687734,gameofthrones___Animemes,LOW,0
1255,grandorder,fantasyfootball,-0.07125113919987142,grandorder___fantasyfootball,LOW,0
4374,SquaredCircle,Minecraft,-0.070814434608154,Minecraft___SquaredCircle,LOW,0
4702,todayilearned,PewdiepieSubmissions,-0.06936105553027222,todayilearned___PewdiepieSubmissions,LOW,0
3243,RocketLeagueExchange,PoliticalHumor,-0.0691244951551109,PoliticalHumor___RocketLeagueExchange,LOW,0
2097,memes,personalfinance,-0.0687076379744289,personalfinance___memes,LOW,0
4466,ukpolitics,FortNiteBR,-0.06867078780808468,ukpolitics___FortNiteBR,LOW,0
2632,europe,fantasyfootball,-0.06595589590315203,europe___fantasyfootball,LOW,0
2537,HistoryMemes,relationships,-0.06450722515181562,relationships___HistoryMemes,LOW,0
4357,ukpolitics,Minecraft,-0.05700110810064426,Minecraft___ukpolitics,LOW,0
1331,baseball,deadbydaylight,-0.05510490182875875,deadbydaylight___baseball,LOW,0
2550,RocketLeagueExchange,relationships,-0.052879125649251096,relationships___RocketLeagueExchange,LOW,0
2292,hockey,Brawlstars,-0.050854246688608044,Brawlstars___hockey,LOW,0
4647,memes,CFB,-0.0489108970440152,CFB___memes,LOW,0
4828,politics,PewdiepieSubmissions,-0.046657547501802434,PewdiepieSubmissions___politics,LOW,0
1262,MMA,grandorder,-0.046174386265829585,grandorder___MMA,LOW,0
1543,television,teenagers,-0.0455658360405489,television___teenagers,LOW,0
1224,conspiracy,grandorder,-0.03796904536833462,grandorder___conspiracy,LOW,0
178,FortNiteBR,neoliberal,-0.03617256363718326,neoliberal___FortNiteBR,LOW,0
1080,pcmasterrace,barstoolsports,-0.034416977717351006,barstoolsports___pcmasterrace,LOW,0
4378,soccer,Minecraft,-0.031227569338043187,Minecraft___soccer,LOW,0
954,ffxiv,CollegeBasketball,-0.03033511333925941,CollegeBasketball___ffxiv,LOW,0
3244,PoliticalHumor,FIFA,-0.028836663418094353,PoliticalHumor___FIFA,LOW,0
2576,DestinyTheGame,relationships,-0.02848603415976708,relationships___DestinyTheGame,LOW,0
2425,me_irl,fantasyfootball,-0.02587013726120231,me_irl___fantasyfootball,LOW,0
456,trees,Animemes,-0.025025137388519476,trees___Animemes,LOW,0
169,neoliberal,DestinyTheGame,-0.022992845107464754,neoliberal___DestinyTheGame,LOW,0
405,trees,ffxiv,-0.021057785302824556,trees___ffxiv,LOW,0
1369,soccer,deadbydaylight,-0.019702956240506247,deadbydaylight___soccer,LOW,0
1864,dankmemes,ffxiv,-0.017912130577550825,ffxiv___dankmemes,LOW,0
4547,relationship_advice,Animemes,-0.017324544552642512,Animemes___relationship_advice,LOW,0
4820,worldnews,PewdiepieSubmissions,-0.01670241688208853,PewdiepieSubmissions___worldnews,LOW,0
2307,SquaredCircle,Brawlstars,-0.011996523309615172,Brawlstars___SquaredCircle,LOW,0
1802,HistoryMemes,ffxiv,-0.011893498420105541,ffxiv___HistoryMemes,LOW,0
2100,hiphopheads,Warframe,-0.011140563088197686,hiphopheads___Warframe,LOW,0
4554,news,Animemes,-0.010426966063367378,Animemes___news,LOW,0
1314,formula1,deadbydaylight,-0.010147028892346132,deadbydaylight___formula1,LOW,0
2033,HistoryMemes,personalfinance,-0.00943686219510835,personalfinance___HistoryMemes,LOW,0
4561,soccer,Animemes,-0.008883180318237252,Animemes___soccer,LOW,0
990,anime,CollegeBasketball,-0.008847507336531113,CollegeBasketball___anime,LOW,0
2289,MMA,Brawlstars,-0.0061145491522181464,Brawlstars___MMA,LOW,0
2980,pathofexile,PewdiepieSubmissions,-0.006103107790833025,pathofexile___PewdiepieSubmissions,LOW,0
2599,dankmemes,relationships,-0.0038357648259027483,relationships___dankmemes,LOW,0
969,Rainbow6,CollegeBasketball,0.0007886967409679151,CollegeBasketball___Rainbow6,LOW,0
4166,classicwow,teenagers,0.005414684237441592,classicwow___teenagers,LOW,0
1031,memes,CollegeBasketball,0.008156363192052143,CollegeBasketball___memes,LOW,0
2251,conspiracy,Brawlstars,0.008311484817859103,Brawlstars___conspiracy,LOW,0
3006,insanepeoplefacebook,FIFA,0.009577153561672278,insanepeoplefacebook___FIFA,LOW,0
4017,anime,hockey,0.011498815615421413,anime___hockey,LOW,0
4926,memes,nfl,0.011558948385430699,nfl___memes,LOW,0
2562,pcmasterrace,relationships,0.011617193551167826,relationships___pcmasterrace,LOW,0
1832,RoastMe,ffxiv,0.011660712469013573,ffxiv___RoastMe,LOW,0
3005,insanepeoplefacebook,RocketLeagueExchange,0.012517074810217165,insanepeoplefacebook___RocketLeagueExchange,LOW,0
1132,MortalKombat,personalfinance,0.013963213113183574,MortalKombat___personalfinance,LOW,0
123,neoliberal,Brawlstars,0.014524668836989853,neoliberal___Brawlstars,LOW,0
2372,Games,gonewild,0.015040994161092091,Games___gonewild,LOW,0
132,Rainbow6,neoliberal,0.01536678390355773,neoliberal___Rainbow6,LOW,0
1256,trashy,grandorder,0.01777231867310604,grandorder___trashy,LOW,0
4371,news,Minecraft,0.01996201188672251,Minecraft___news,LOW,0
281,The_Donald,pokemontrades,0.020678785230287013,pokemontrades___The_Donald,LOW,0
4021,anime,CFB,0.022655973167997702,anime___CFB,LOW,0
4405,videos,PewdiepieSubmissions,0.027911685948108507,videos___PewdiepieSubmissions,LOW,0
1542,dankmemes,television,0.03098547103037253,television___dankmemes,LOW,0
2007,canada,PewdiepieSubmissions,0.03289607841779341,canada___PewdiepieSubmissions,LOW,0
4463,gonewild,ukpolitics,0.03589782766839973,ukpolitics___gonewild,LOW,0
4608,movies,PewdiepieSubmissions,0.03727402093754544,movies___PewdiepieSubmissions,LOW,0
2291,ChapoTrapHouse,Brawlstars,0.03972153983472329,Brawlstars___ChapoTrapHouse,LOW,0
251,PublicFreakout,pokemontrades,0.040315303493590665,pokemontrades___PublicFreakout,LOW,0
2765,HistoryMemes,fantasyfootball,0.04098637659379798,HistoryMemes___fantasyfootball,LOW,0
1219,hiphopheads,grandorder,0.0415304052220542,grandorder___hiphopheads,LOW,0
2908,Rainbow6,CFB,0.04344179053145598,Rainbow6___CFB,LOW,0
655,magicTCG,PewdiepieSubmissions,0.044030210146371575,magicTCG___PewdiepieSubmissions,LOW,0
29,pcgaming,relationships,0.04687863297417799,pcgaming___relationships,LOW,0
2664,europe,nfl,0.04874741934810347,europe___nfl,LOW,0
2994,pathofexile,memes,0.0496160256494295,pathofexile___memes,LOW,0
430,trees,Cricket,0.05288260445903464,trees___Cricket,LOW,0
2751,HistoryMemes,RocketLeagueExchange,0.053446501787440794,HistoryMemes___RocketLeagueExchange,LOW,0
228,formula1,pokemontrades,0.05397550658150224,pokemontrades___formula1,LOW,0
2506,conspiracy,Animemes,0.05521665065566327,conspiracy___Animemes,LOW,0
2286,freefolk,Brawlstars,0.05614236020916552,Brawlstars___freefolk,LOW,0
2146,hiphopheads,Animemes,0.05723879783722846,hiphopheads___Animemes,LOW,0
1574,AnthemTheGame,Cricket,0.05781242592692452,AnthemTheGame___Cricket,LOW,0
1559,AnthemTheGame,relationships,0.0629562960744715,AnthemTheGame___relationships,LOW,0
4387,politics,Minecraft,0.06391113695598873,Minecraft___politics,LOW,0
1793,hiphopheads,ffxiv,0.06456811283248082,ffxiv___hiphopheads,LOW,0
4393,videos,Animemes,0.06488029635463484,videos___Animemes,LOW,0
3145,gameofthrones,Minecraft,0.0659049265256889,gameofthrones___Minecraft,LOW,0
2457,me_irl,nfl,0.06656359852365072,me_irl___nfl,LOW,0
2263,PoliticalHumor,Brawlstars,0.06656644335206253,Brawlstars___PoliticalHumor,LOW,0
1236,PoliticalHumor,grandorder,0.06779283327520029,grandorder___PoliticalHumor,LOW,0
4815,SquaredCircle,PewdiepieSubmissions,0.06783102551568324,PewdiepieSubmissions___SquaredCircle,LOW,0
3176,gameofthrones,teenagers,0.06804613064368971,gameofthrones___teenagers,LOW,0
320,xboxone,relationships,0.06811775622406765,xboxone___relationships,LOW,0
1786,wow,teenagers,0.06934355364681505,wow___teenagers,LOW,0
882,insanepeoplefacebook,reddevils,0.07113649602676633,reddevils___insanepeoplefacebook,LOW,0
4379,worldnews,Minecraft,0.07140129317012205,Minecraft___worldnews,LOW,0
4153,classicwow,PewdiepieSubmissions,0.07427642156477404,classicwow___PewdiepieSubmissions,LOW,0
1907,wholesomememes,fantasyfootball,0.0774437001360571,wholesomememes___fantasyfootball,LOW,0
1252,PublicFreakout,grandorder,0.07761784267856904,grandorder___PublicFreakout,LOW,0
4855,SquaredCircle,teenagers,0.08062319726564601,SquaredCircle___teenagers,LOW,0
1374,nba,deadbydaylight,0.08089092247443931,deadbydaylight___nba,LOW,0
4545,movies,Animemes,0.08227815260270657,Animemes___movies,LOW,0
992,pcmasterrace,CollegeBasketball,0.08383479453811223,CollegeBasketball___pcmasterrace,LOW,0
1258,RoastMe,grandorder,0.08893795520309633,grandorder___RoastMe,LOW,0
844,soccer,DnD,0.08899864950535977,DnD___soccer,LOW,0
2932,politics,Rainbow6,0.0890763466740021,Rainbow6___politics,LOW,0
2297,relationship_advice,Brawlstars,0.09290048377953518,Brawlstars___relationship_advice,LOW,0
4288,RoastMe,ukpolitics,0.09366952475262492,RoastMe___ukpolitics,LOW,0
1797,me_irl,ffxiv,0.09368144856771494,ffxiv___me_irl,LOW,0
2538,formula1,relationships,0.09520414205092861,relationships___formula1,LOW,0
1971,FIFA,canada,0.09622554121416896,canada___FIFA,LOW,0
209,MurderedByWords,pokemontrades,0.09790952595058358,pokemontrades___MurderedByWords,LOW,0
255,trashy,pokemontrades,0.09967941290012448,pokemontrades___trashy,LOW,0
1139,MortalKombat,relationships,0.10576188052800677,MortalKombat___relationships,LOW,0
4362,movies,Minecraft,0.10689846055117692,Minecraft___movies,LOW,0
4549,todayilearned,Animemes,0.10930129642515111,Animemes___todayilearned,LOW,0
1270,relationship_advice,grandorder,0.10936115011253474,grandorder___relationship_advice,LOW,0
410,trees,Warframe,0.11135766719366391,trees___Warframe,LOW,0
4418,videos,teenagers,0.11191457091360442,videos___teenagers,LOW,0
244,interestingasfuck,pokemontrades,0.11213192624513639,pokemontrades___interestingasfuck,LOW,0
3491,DestinyTheGame,Cricket,0.11326647576227263,Cricket___DestinyTheGame,LOW,0
4810,news,teenagers,0.11338084940327184,news___teenagers,LOW,0
238,WTF,pokemontrades,0.11372015659552048,pokemontrades___WTF,LOW,0
2439,me_irl,CFB,0.11439890995321055,me_irl___CFB,LOW,0
2960,RoastMe,pathofexile,0.11896940529745605,pathofexile___RoastMe,LOW,0
4562,worldnews,Animemes,0.12101026029926502,Animemes___worldnews,LOW,0
1883,wholesomememes,pathofexile,0.12159654625078141,wholesomememes___pathofexile,LOW,0
581,magicTCG,reddevils,0.12628910556398823,magicTCG___reddevils,LOW,0
4355,videos,Minecraft,0.1271652476758037,Minecraft___videos,LOW,0
3163,gameofthrones,PewdiepieSubmissions,0.1296509798171486,gameofthrones___PewdiepieSubmissions,LOW,0
4496,ChapoTrapHouse,FortNiteBR,0.13108994869749896,ChapoTrapHouse___FortNiteBR,LOW,0
3562,worldnews,RocketLeagueExchange,0.13159316964682152,RocketLeagueExchange___worldnews,LOW,0
2081,FortNiteBR,personalfinance,0.13814134399141195,personalfinance___FortNiteBR,LOW,0
3412,WTF,FIFA,0.13851185874264177,WTF___FIFA,LOW,0
2911,todayilearned,Rainbow6,0.14235160839770308,Rainbow6___todayilearned,LOW,0
1939,wholesomememes,nfl,0.14303377938689968,wholesomememes___nfl,LOW,0
4366,todayilearned,Minecraft,0.1464065273850319,Minecraft___todayilearned,LOW,0
1311,europe,deadbydaylight,0.14761067862674668,deadbydaylight___europe,LOW,0
1244,AskMen,grandorder,0.1489746926390148,grandorder___AskMen,LOW,0
2261,gameofthrones,Brawlstars,0.14986860720120138,Brawlstars___gameofthrones,LOW,0
104,PS4,neoliberal,0.1525528514396474,neoliberal___PS4,LOW,0
617,magicTCG,Cricket,0.15379291873898399,magicTCG___Cricket,LOW,0
619,magicTCG,FIFA,0.15523671517791646,magicTCG___FIFA,LOW,0
4621,movies,teenagers,0.1573411877309924,movies___teenagers,LOW,0
1101,leagueoflegends,barstoolsports,0.15992978581253672,barstoolsports___leagueoflegends,LOW,0
1054,buildapc,barstoolsports,0.16046909494406308,barstoolsports___buildapc,LOW,0
1921,wholesomememes,CFB,0.16087601989639758,wholesomememes___CFB,LOW,0
1411,MurderedByWords,FIFA,0.16098912738948842,MurderedByWords___FIFA,LOW,0
175,gonewild,neoliberal,0.16330529229464993,neoliberal___gonewild,LOW,0
1043,wholesomememes,barstoolsports,0.1634106760703358,barstoolsports___wholesomememes,LOW,0
1830,trashy,ffxiv,0.16348193472597508,ffxiv___trashy,LOW,0
1625,AnthemTheGame,teenagers,0.1637205485773866,AnthemTheGame___teenagers,LOW,0
10,pcgaming,barstoolsports,0.16524073199938036,pcgaming___barstoolsports,LOW,0
1798,conspiracy,ffxiv,0.1662995628418836,ffxiv___conspiracy,LOW,0
1819,interestingasfuck,ffxiv,0.16645728610939986,ffxiv___interestingasfuck,LOW,0
4856,SquaredCircle,memes,0.16892945526580339,SquaredCircle___memes,LOW,0
502,GlobalOffensive,personalfinance,0.1721059482120245,GlobalOffensive___personalfinance,LOW,0
2042,pokemon,personalfinance,0.17239903706291163,personalfinance___pokemon,LOW,0
1279,pics,grandorder,0.17333033306503084,grandorder___pics,LOW,0
2841,formula1,Animemes,0.17366066799779165,formula1___Animemes,LOW,0
1773,wow,PewdiepieSubmissions,0.17385746559006432,wow___PewdiepieSubmissions,LOW,0
4167,classicwow,memes,0.1743686763717284,classicwow___memes,LOW,0
668,magicTCG,teenagers,0.17496422209571078,magicTCG___teenagers,LOW,0
237,BlackPeopleTwitter,pokemontrades,0.17512180967827765,pokemontrades___BlackPeopleTwitter,LOW,0
1557,AnthemTheGame,me_irl,0.17952974956842843,AnthemTheGame___me_irl,LOW,0
1177,MortalKombat,ukpolitics,0.1818482822919651,MortalKombat___ukpolitics,LOW,0
1736,wow,RocketLeagueExchange,0.18457192636119987,wow___RocketLeagueExchange,LOW,0
1238,BlackPeopleTwitter,grandorder,0.18519540518652453,grandorder___BlackPeopleTwitter,LOW,0
694,PS4,relationships,0.18818057587280815,PS4___relationships,LOW,0
3235,DotA2,teenagers,0.18836298369306462,DotA2___teenagers,LOW,0
4104,pcmasterrace,CFB,0.18877907179321934,pcmasterrace___CFB,LOW,0
2557,marvelstudios,relationships,0.19035082904889222,relationships___marvelstudios,LOW,0
4320,freefolk,Minecraft,0.1915836270380577,freefolk___Minecraft,LOW,0
1064,pokemon,barstoolsports,0.1921809489580837,barstoolsports___pokemon,LOW,0
3585,trashy,FIFA,0.19358428761955757,FIFA___trashy,LOW,0
243,AskMen,pokemontrades,0.19621559305538416,pokemontrades___AskMen,LOW,0
1245,interestingasfuck,grandorder,0.1982307126637892,grandorder___interestingasfuck,LOW,0
3200,trashy,DotA2,0.19892791540835114,DotA2___trashy,LOW,0
4090,pcmasterrace,fantasyfootball,0.19957248710069972,pcmasterrace___fantasyfootball,LOW,0
4165,classicwow,dankmemes,0.2018364381430893,classicwow___dankmemes,LOW,0
359,ChapoTrapHouse,xboxone,0.20341819257959987,xboxone___ChapoTrapHouse,LOW,0
242,gifs,pokemontrades,0.20455784154939258,pokemontrades___gifs,LOW,0
173,aww,neoliberal,0.205083022363466,neoliberal___aww,LOW,0
3952,NoStupidQuestions,nfl,0.20590945050267542,NoStupidQuestions___nfl,LOW,0
1410,MurderedByWords,RocketLeagueExchange,0.20815679886816532,MurderedByWords___RocketLeagueExchange,LOW,0
231,insanepeoplefacebook,pokemontrades,0.2087346137398507,pokemontrades___insanepeoplefacebook,LOW,0
2369,relationship_advice,Games,0.20968199540396912,Games___relationship_advice,LOW,0
2271,AskMen,Brawlstars,0.21164957618456362,Brawlstars___AskMen,LOW,0
1824,wallstreetbets,ffxiv,0.21342815008868327,ffxiv___wallstreetbets,LOW,0
2644,DestinyTheGame,europe,0.2144527750342372,europe___DestinyTheGame,LOW,0
2909,relationship_advice,Rainbow6,0.2157295258080772,Rainbow6___relationship_advice,LOW,0
114,AnthemTheGame,neoliberal,0.21832432885009914,neoliberal___AnthemTheGame,LOW,0
1012,gonewild,CollegeBasketball,0.21929815323302215,CollegeBasketball___gonewild,LOW,0
2259,insanepeoplefacebook,Brawlstars,0.22042031540928336,Brawlstars___insanepeoplefacebook,LOW,0
1826,PublicFreakout,ffxiv,0.22064991390873528,ffxiv___PublicFreakout,LOW,0
899,NoStupidQuestions,reddevils,0.22191201106084163,reddevils___NoStupidQuestions,LOW,0
2559,wallstreetbets,relationships,0.22256267393113943,relationships___wallstreetbets,LOW,0
3920,NoStupidQuestions,fantasyfootball,0.22326113330222694,NoStupidQuestions___fantasyfootball,LOW,0
4457,DestinyTheGame,ukpolitics,0.22617873339633196,ukpolitics___DestinyTheGame,LOW,0
2951,NoStupidQuestions,pathofexile,0.2263456350028249,pathofexile___NoStupidQuestions,LOW,0
938,AmItheAsshole,reddevils,0.2269709149503212,reddevils___AmItheAsshole,LOW,0
1823,NoStupidQuestions,ffxiv,0.22740421096137778,ffxiv___NoStupidQuestions,LOW,0
1108,gaming,barstoolsports,0.22818764737838462,barstoolsports___gaming,LOW,0
1257,mildlyinteresting,grandorder,0.2284330298145967,grandorder___mildlyinteresting,LOW,0
100,xboxone,neoliberal,0.22881264565733336,neoliberal___xboxone,LOW,0
3574,interestingasfuck,FIFA,0.22922323221640292,FIFA___interestingasfuck,LOW,0
1239,WTF,grandorder,0.22990464601162902,grandorder___WTF,LOW,0
1812,BlackPeopleTwitter,ffxiv,0.2304254326167813,ffxiv___BlackPeopleTwitter,LOW,0
842,The_Donald,DnD,0.2322883139577539,DnD___The_Donald,LOW,0
1857,unpopularopinion,ffxiv,0.2359162339328308,ffxiv___unpopularopinion,LOW,0
4565,AmItheAsshole,Animemes,0.23605683868906469,Animemes___AmItheAsshole,LOW,0
2999,DotA2,insanepeoplefacebook,0.23740703555178533,insanepeoplefacebook___DotA2,LOW,0
9,pcgaming,CollegeBasketball,0.2375689195060407,pcgaming___CollegeBasketball,LOW,0
3202,DotA2,RoastMe,0.23888728402465756,DotA2___RoastMe,LOW,0
1140,MortalKombat,europe,0.23981746231112122,MortalKombat___europe,LOW,0
278,pics,pokemontrades,0.24025391855349482,pokemontrades___pics,LOW,0
330,DotA2,xboxone,0.2408835171774504,xboxone___DotA2,LOW,0
3586,mildlyinteresting,FIFA,0.24177748249242054,FIFA___mildlyinteresting,LOW,0
1102,Showerthoughts,barstoolsports,0.2439516073288256,barstoolsports___Showerthoughts,LOW,0
4487,ChapoTrapHouse,DestinyTheGame,0.24602121205194832,ChapoTrapHouse___DestinyTheGame,LOW,0
2265,BlackPeopleTwitter,Brawlstars,0.2461450535639528,Brawlstars___BlackPeopleTwitter,LOW,0
1384,MurderedByWords,ffxiv,0.25172772892374806,MurderedByWords___ffxiv,LOW,0
1288,AmItheAsshole,grandorder,0.25303327539412046,grandorder___AmItheAsshole,LOW,0
183,gaming,neoliberal,0.253119457578872,neoliberal___gaming,LOW,0
1154,MortalKombat,Cricket,0.25328666567864155,MortalKombat___Cricket,LOW,0
1716,wow,Brawlstars,0.25335865171126914,wow___Brawlstars,LOW,0
2270,gifs,Brawlstars,0.2533970241469379,Brawlstars___gifs,LOW,0
4556,pics,Animemes,0.2556853695241608,Animemes___pics,LOW,0
629,PublicFreakout,magicTCG,0.2564349717458859,magicTCG___PublicFreakout,LOW,0
1787,wow,memes,0.2588870124212302,wow___memes,LOW,0
149,NintendoSwitch,neoliberal,0.2613914464537778,neoliberal___NintendoSwitch,LOW,0
1213,ChoosingBeggars,grandorder,0.26230936929142296,grandorder___ChoosingBeggars,LOW,0
1906,classicwow,wholesomememes,0.26239603374899284,wholesomememes___classicwow,LOW,0
4493,gonewild,ChapoTrapHouse,0.2644191976942725,ChapoTrapHouse___gonewild,LOW,0
907,mildlyinteresting,reddevils,0.26682949415144613,reddevils___mildlyinteresting,LOW,0
1098,aww,barstoolsports,0.26687242295694763,barstoolsports___aww,LOW,0
1283,unpopularopinion,grandorder,0.2681947747800659,grandorder___unpopularopinion,LOW,0
3600,aww,FIFA,0.2708519491983974,FIFA___aww,LOW,0
1818,AskMen,ffxiv,0.27096259704445036,ffxiv___AskMen,LOW,0
3617,AmItheAsshole,FIFA,0.2743805874039849,FIFA___AmItheAsshole,LOW,0
3321,pokemon,MMA,0.2745138474171681,pokemon___MMA,LOW,0
3341,pokemon,The_Donald,0.27793239793826113,pokemon___The_Donald,LOW,0
554,GlobalOffensive,relationship_advice,0.27805131682454265,GlobalOffensive___relationship_advice,LOW,0
2343,AskMen,Games,0.278298783138014,Games___AskMen,LOW,0
1027,AmItheAsshole,CollegeBasketball,0.28085236423469984,CollegeBasketball___AmItheAsshole,LOW,0
1243,gifs,grandorder,0.2811791079325513,grandorder___gifs,LOW,0
3646,gifs,Animemes,0.28252242803425537,gifs___Animemes,LOW,0
3658,gifs,PewdiepieSubmissions,0.2838069977141857,gifs___PewdiepieSubmissions,LOW,0
2985,unpopularopinion,pathofexile,0.2841347058256496,pathofexile___unpopularopinion,LOW,0
2151,aww,hiphopheads,0.2842755180783139,hiphopheads___aww,LOW,0
1010,aww,CollegeBasketball,0.2879832844296803,CollegeBasketball___aww,LOW,0
1657,ChoosingBeggars,FIFA,0.2881989518480609,ChoosingBeggars___FIFA,LOW,0
4326,freefolk,Animemes,0.2891588611030004,freefolk___Animemes,LOW,0
4351,freefolk,teenagers,0.29011984385698747,freefolk___teenagers,LOW,0
2556,NintendoSwitch,relationships,0.29031985054794973,relationships___NintendoSwitch,LOW,0
4630,Showerthoughts,CFB,0.2922203227076688,CFB___Showerthoughts,LOW,0
59,pcgaming,fantasyfootball,0.29263796074899934,pcgaming___fantasyfootball,LOW,0
2306,pics,Brawlstars,0.292783455673894,Brawlstars___pics,LOW,0
1014,Showerthoughts,CollegeBasketball,0.2949252677824167,CollegeBasketball___Showerthoughts,LOW,0
3471,NintendoSwitch,Cricket,0.2958901703449529,Cricket___NintendoSwitch,LOW,0
2542,2007scape,relationships,0.2959678472768985,relationships___2007scape,LOW,0
4060,PublicFreakout,Animemes,0.2985135228563427,PublicFreakout___Animemes,LOW,0
952,ChoosingBeggars,CollegeBasketball,0.30202199354655984,CollegeBasketball___ChoosingBeggars,LOW,0
2940,BlackPeopleTwitter,pathofexile,0.3024021300543926,pathofexile___BlackPeopleTwitter,LOW,0
1831,mildlyinteresting,ffxiv,0.303396595156935,ffxiv___mildlyinteresting,LOW,0
4226,leagueoflegends,trashy,0.30625447310176707,trashy___leagueoflegends,LOW,0
3201,mildlyinteresting,DotA2,0.30682668279472514,DotA2___mildlyinteresting,LOW,0
789,formula1,DnD,0.3073442541954992,DnD___formula1,LOW,0
73,pcgaming,CFB,0.3074958577500532,pcgaming___CFB,LOW,0
188,funny,neoliberal,0.3088574814934478,neoliberal___funny,LOW,0
2266,WTF,Brawlstars,0.311192997259628,Brawlstars___WTF,LOW,0
1364,pics,deadbydaylight,0.311870047686017,deadbydaylight___pics,LOW,0
733,PS4,ChapoTrapHouse,0.3136643128747435,PS4___ChapoTrapHouse,LOW,0
139,pokemon,neoliberal,0.31458483146878036,neoliberal___pokemon,LOW,0
1020,gaming,CollegeBasketball,0.3181253276215863,CollegeBasketball___gaming,LOW,0
860,MurderedByWords,reddevils,0.3196330056396536,reddevils___MurderedByWords,LOW,0
577,GlobalOffensive,politics,0.3204939350594334,GlobalOffensive___politics,LOW,0
3038,leagueoflegends,insanepeoplefacebook,0.3207572909639321,insanepeoplefacebook___leagueoflegends,LOW,0
572,GlobalOffensive,AmItheAsshole,0.32207332203861705,GlobalOffensive___AmItheAsshole,LOW,0
1702,ChoosingBeggars,nfl,0.32340008621461186,ChoosingBeggars___nfl,LOW,0
4263,leagueoflegends,mildlyinteresting,0.3234287276438007,mildlyinteresting___leagueoflegends,LOW,0
4189,Showerthoughts,fantasyfootball,0.32343290975282657,fantasyfootball___Showerthoughts,LOW,0
282,unpopularopinion,pokemontrades,0.3260535053542898,pokemontrades___unpopularopinion,LOW,0
4764,Showerthoughts,SquaredCircle,0.3270126234842244,Showerthoughts___SquaredCircle,LOW,0
863,ChoosingBeggars,reddevils,0.32706275891271963,reddevils___ChoosingBeggars,LOW,0
1330,interestingasfuck,deadbydaylight,0.3279571757957809,deadbydaylight___interestingasfuck,LOW,0
3116,2007scape,teenagers,0.32990218551901723,2007scape___teenagers,LOW,0
335,xboxone,Cricket,0.3311258167735326,xboxone___Cricket,LOW,0
4506,funny,ChapoTrapHouse,0.33279820043182085,ChapoTrapHouse___funny,LOW,0
2590,gaming,relationships,0.3342468613132489,relationships___gaming,LOW,0
3753,leagueoflegends,interestingasfuck,0.3378274870351202,interestingasfuck___leagueoflegends,LOW,0
2676,buildapc,insanepeoplefacebook,0.33841829598444173,buildapc___insanepeoplefacebook,LOW,0
1074,NintendoSwitch,barstoolsports,0.33960932826679674,barstoolsports___NintendoSwitch,LOW,0
1066,WTF,barstoolsports,0.3408717278376642,barstoolsports___WTF,LOW,0
1164,wallstreetbets,MortalKombat,0.34415436370624136,MortalKombat___wallstreetbets,LOW,0
4197,unpopularopinion,fantasyfootball,0.34503808727474855,fantasyfootball___unpopularopinion,LOW,0
2053,marvelstudios,personalfinance,0.35273502553062697,personalfinance___marvelstudios,LOW,0
2536,buildapc,relationships,0.3530760739154966,relationships___buildapc,LOW,0
3505,gaming,Cricket,0.35436996361832496,Cricket___gaming,LOW,0
4338,freefolk,PewdiepieSubmissions,0.35456799797699884,freefolk___PewdiepieSubmissions,LOW,0
2680,buildapc,PoliticalHumor,0.35577285207424986,buildapc___PoliticalHumor,LOW,0
2708,buildapc,ChapoTrapHouse,0.3585246877339983,buildapc___ChapoTrapHouse,LOW,0
1856,The_Donald,ffxiv,0.3725270475471872,ffxiv___The_Donald,LOW,0
3847,NintendoSwitch,gonewild,0.374257800047478,NintendoSwitch___gonewild,LOW,0
3856,The_Donald,NintendoSwitch,0.38036239509962283,NintendoSwitch___The_Donald,LOW,0
3117,2007scape,memes,0.38045340483632767,2007scape___memes,LOW,0
3093,2007scape,movies,0.3815881795136744,2007scape___movies,LOW,0
1113,funny,barstoolsports,0.3834199249605956,barstoolsports___funny,LOW,0
1286,funny,grandorder,0.38914698606026477,grandorder___funny,LOW,0
1485,2007scape,television,0.3938072134394531,television___2007scape,LOW,0
751,PS4,The_Donald,0.40389695625234756,PS4___The_Donald,LOW,0
3073,marvelstudios,2007scape,0.4063283696602639,2007scape___marvelstudios,LOW,0
196,AskReddit,neoliberal,0.40820170223401947,neoliberal___AskReddit,LOW,0
2166,funny,hiphopheads,0.40960853929364793,hiphopheads___funny,LOW,0
687,PS4,personalfinance,0.42606197835247234,PS4___personalfinance,LOW,0
2950,marvelstudios,pathofexile,0.4323660012147314,pathofexile___marvelstudios,LOW,0
3525,marvelstudios,RocketLeagueExchange,0.4333350042981372,RocketLeagueExchange___marvelstudios,LOW,0
2204,wallstreetbets,Warframe,0.4348846133895563,Warframe___wallstreetbets,LOW,0
3980,wallstreetbets,aww,0.4349780045055586,wallstreetbets___aww,LOW,0
3296,AskReddit,PoliticalHumor,0.45676772203367005,PoliticalHumor___AskReddit,LOW,0
98,AskReddit,pcgaming,0.4998548282295402,pcgaming___AskReddit,LOW,0
4514,AskReddit,ChapoTrapHouse,0.5216640422306937,ChapoTrapHouse___AskReddit,LOW,0
2534,AskReddit,conspiracy,0.5314397232846587,conspiracy___AskReddit,LOW,0
3625,interestingasfuck,gifs,0.8525588440875089,gifs___interestingasfuck,HIGH,1
3735,interestingasfuck,trashy,0.8618657415310662,interestingasfuck___trashy,HIGH,1
3731,interestingasfuck,PublicFreakout,0.862303320170664,interestingasfuck___PublicFreakout,HIGH,1
4776,Showerthoughts,memes,0.8737534050436054,Showerthoughts___memes,HIGH,1
2080,Showerthoughts,personalfinance,0.8797355526258627,personalfinance___Showerthoughts,HIGH,1
4770,Showerthoughts,funny,0.8799906780905735,Showerthoughts___funny,HIGH,1
3736,interestingasfuck,mildlyinteresting,0.8883469552948118,interestingasfuck___mildlyinteresting,HIGH,1
4778,Showerthoughts,AskReddit,0.8911368359104792,Showerthoughts___AskReddit,HIGH,1
4863,funny,gaming,0.9037527927304005,gaming___funny,HIGH,1
3404,BlackPeopleTwitter,nba,0.912023384405136,BlackPeopleTwitter___nba,HIGH,1
2492,PublicFreakout,conspiracy,0.9129037128199864,conspiracy___PublicFreakout,HIGH,1
4275,funny,mildlyinteresting,0.9149811231314151,mildlyinteresting___funny,HIGH,1
4268,mildlyinteresting,pics,0.9201221365234349,mildlyinteresting___pics,HIGH,1
3002,BlackPeopleTwitter,insanepeoplefacebook,0.9207659706374327,insanepeoplefacebook___BlackPeopleTwitter,HIGH,1
3426,WTF,trashy,0.9220141582045299,WTF___trashy,HIGH,1
1667,PublicFreakout,ChoosingBeggars,0.9241601257518864,ChoosingBeggars___PublicFreakout,HIGH,1
3571,AskReddit,RocketLeagueExchange,0.9261256117101818,RocketLeagueExchange___AskReddit,HIGH,1
4829,AskReddit,PewdiepieSubmissions,0.926777175725363,PewdiepieSubmissions___AskReddit,HIGH,1
4934,AskReddit,AmItheAsshole,0.9311853968377621,AmItheAsshole___AskReddit,HIGH,1
4210,trashy,RoastMe,0.9346944600225617,trashy___RoastMe,HIGH,1
4240,trashy,AmItheAsshole,0.9366785491941308,trashy___AmItheAsshole,HIGH,1
3016,PublicFreakout,insanepeoplefacebook,0.9384042299677824,insanepeoplefacebook___PublicFreakout,HIGH,1
4056,PublicFreakout,MMA,0.94038436036029,PublicFreakout___MMA,HIGH,1
4406,pics,videos,0.9418756598775642,videos___pics,HIGH,1
3651,aww,gifs,0.942975197324194,gifs___aww,HIGH,1
3666,funny,gifs,0.9432871235949974,gifs___funny,HIGH,1
2321,AskReddit,Brawlstars,0.9459923651159218,Brawlstars___AskReddit,HIGH,1
3052,insanepeoplefacebook,AmItheAsshole,0.9516944953879882,insanepeoplefacebook___AmItheAsshole,HIGH,1
1407,BlackPeopleTwitter,MurderedByWords,0.9517612266746333,MurderedByWords___BlackPeopleTwitter,HIGH,1
4681,pics,aww,0.9544560219367998,aww___pics,HIGH,1
3659,gifs,pics,0.9568075047771094,gifs___pics,HIGH,1
4260,aww,mildlyinteresting,0.9614783241578319,mildlyinteresting___aww,HIGH,1
2479,WTF,conspiracy,0.9626830246298019,conspiracy___WTF,HIGH,1
2062,mildlyinteresting,personalfinance,0.965727590741888,personalfinance___mildlyinteresting,HIGH,1
3415,interestingasfuck,WTF,0.9670685000334259,WTF___interestingasfuck,HIGH,1
3637,gifs,mildlyinteresting,0.967254661829854,gifs___mildlyinteresting,HIGH,1
4264,mildlyinteresting,Showerthoughts,0.9699538378591915,mildlyinteresting___Showerthoughts,HIGH,1
3443,WTF,gonewild,0.9703057108849352,WTF___gonewild,HIGH,1
1397,MurderedByWords,HistoryMemes,0.9707807368098295,MurderedByWords___HistoryMemes,HIGH,1
3641,gifs,videos,0.9716804719983939,gifs___videos,HIGH,1
4836,funny,pics,0.9760227508120245,pics___funny,HIGH,1
2580,aww,relationships,0.983135528998531,relationships___aww,HIGH,1
3240,BlackPeopleTwitter,PoliticalHumor,0.9832944198293191,PoliticalHumor___BlackPeopleTwitter,HIGH,1
1524,todayilearned,television,0.9839801264477324,television___todayilearned,HIGH,1
4412,videos,worldnews,0.9869890948963556,videos___worldnews,HIGH,1
4404,videos,news,0.9873544834758536,videos___news,HIGH,1
1382,MurderedByWords,ChoosingBeggars,0.9893997988840093,MurderedByWords___ChoosingBeggars,HIGH,1
1685,ChoosingBeggars,relationship_advice,0.9915649284449775,ChoosingBeggars___relationship_advice,HIGH,1
2558,NoStupidQuestions,relationships,0.9940269953284647,relationships___NoStupidQuestions,HIGH,1
4317,RoastMe,memes,0.999819712573331,RoastMe___memes,HIGH,1
4688,aww,funny,1.0000039024219167,aww___funny,HIGH,1
4399,videos,todayilearned,1.0001138276480481,videos___todayilearned,HIGH,1
4725,gonewild,SquaredCircle,1.0006913249352118,gonewild___SquaredCircle,HIGH,1
750,gaming,PS4,1.0073844717167844,PS4___gaming,HIGH,1
4316,RoastMe,teenagers,1.01221435823151,RoastMe___teenagers,HIGH,1
4701,news,todayilearned,1.012914215598825,todayilearned___news,HIGH,1
2920,gaming,Rainbow6,1.0202617842933497,Rainbow6___gaming,HIGH,1
1671,ChoosingBeggars,trashy,1.0203748671077981,ChoosingBeggars___trashy,HIGH,1
2077,todayilearned,personalfinance,1.0213583656993717,personalfinance___todayilearned,HIGH,1
4872,unpopularopinion,The_Donald,1.0226123581489632,The_Donald___unpopularopinion,HIGH,1
4303,RoastMe,PewdiepieSubmissions,1.0244488738269772,RoastMe___PewdiepieSubmissions,HIGH,1
4395,videos,movies,1.024845841352606,videos___movies,HIGH,1
3935,NoStupidQuestions,relationship_advice,1.025559727991941,NoStupidQuestions___relationship_advice,HIGH,1
3153,movies,gameofthrones,1.027092643961955,gameofthrones___movies,HIGH,1
3688,RoastMe,AskMen,1.0277120900796495,AskMen___RoastMe,HIGH,1
4709,todayilearned,worldnews,1.028004601471992,todayilearned___worldnews,HIGH,1
1640,ChoosingBeggars,relationships,1.030605965147625,ChoosingBeggars___relationships,HIGH,1
1086,freefolk,barstoolsports,1.0361510822787658,barstoolsports___freefolk,HIGH,1
429,WTF,trees,1.0379012759118929,trees___WTF,HIGH,1
1615,gaming,AnthemTheGame,1.0387530081749596,AnthemTheGame___gaming,HIGH,1
2018,canada,nba,1.0429619279064783,canada___nba,HIGH,1
2582,gonewild,relationships,1.0452787227940907,relationships___gonewild,HIGH,1
3000,insanepeoplefacebook,PoliticalHumor,1.0483235640675979,insanepeoplefacebook___PoliticalHumor,HIGH,1
3713,AskMen,unpopularopinion,1.0512196564915373,AskMen___unpopularopinion,HIGH,1
909,freefolk,reddevils,1.052939199193695,reddevils___freefolk,HIGH,1
3953,NoStupidQuestions,AmItheAsshole,1.0537381224838291,NoStupidQuestions___AmItheAsshole,HIGH,1
4662,relationship_advice,unpopularopinion,1.0552503932296957,relationship_advice___unpopularopinion,HIGH,1
4652,gonewild,relationship_advice,1.0560257556703554,relationship_advice___gonewild,HIGH,1
4050,trashy,PublicFreakout,1.0573187476030497,PublicFreakout___trashy,HIGH,1
3948,unpopularopinion,NoStupidQuestions,1.0602195492095516,NoStupidQuestions___unpopularopinion,HIGH,1
423,trees,2007scape,1.06193663972161,trees___2007scape,HIGH,1
1942,wholesomememes,dankmemes,1.0672492635251982,wholesomememes___dankmemes,HIGH,1
187,worldnews,neoliberal,1.0674544116553237,neoliberal___worldnews,HIGH,1
1991,canada,MMA,1.0752093321752363,canada___MMA,HIGH,1
1529,news,television,1.0758684468545832,television___news,HIGH,1
1855,gaming,ffxiv,1.0786518076830633,ffxiv___gaming,HIGH,1
1513,videos,television,1.0806981722166493,television___videos,HIGH,1
2235,gaming,Warframe,1.0816797395826028,Warframe___gaming,HIGH,1
1486,television,gameofthrones,1.0825388527279183,television___gameofthrones,HIGH,1
2014,worldnews,canada,1.0895596719932068,canada___worldnews,HIGH,1
1401,MurderedByWords,insanepeoplefacebook,1.0909269611017214,MurderedByWords___insanepeoplefacebook,HIGH,1
4610,movies,SquaredCircle,1.0916478832673648,movies___SquaredCircle,HIGH,1
2082,news,personalfinance,1.0918023044799658,personalfinance___news,HIGH,1
3020,insanepeoplefacebook,trashy,1.092587759205287,insanepeoplefacebook___trashy,HIGH,1
1930,wholesomememes,PewdiepieSubmissions,1.0939268463528813,wholesomememes___PewdiepieSubmissions,HIGH,1
1470,personalfinance,television,1.0959994782034388,television___personalfinance,HIGH,1
1532,television,SquaredCircle,1.0978126141625044,television___SquaredCircle,HIGH,1
3718,AmItheAsshole,AskMen,1.0987610244262376,AskMen___AmItheAsshole,HIGH,1
1943,wholesomememes,teenagers,1.099575288324352,wholesomememes___teenagers,HIGH,1
2055,wallstreetbets,personalfinance,1.1004867667838734,personalfinance___wallstreetbets,HIGH,1
1647,insanepeoplefacebook,ChoosingBeggars,1.1059931838209531,ChoosingBeggars___insanepeoplefacebook,HIGH,1
4812,news,politics,1.106957352061405,news___politics,HIGH,1
3679,AskMen,NoStupidQuestions,1.112569482676265,AskMen___NoStupidQuestions,HIGH,1
3879,marvelstudios,freefolk,1.1214914708589827,marvelstudios___freefolk,HIGH,1
1405,PoliticalHumor,MurderedByWords,1.1218487826238526,MurderedByWords___PoliticalHumor,HIGH,1
1703,AmItheAsshole,ChoosingBeggars,1.126286276956766,ChoosingBeggars___AmItheAsshole,HIGH,1
2603,AskReddit,relationships,1.1265570314292594,relationships___AskReddit,HIGH,1
3964,wallstreetbets,fantasyfootball,1.1266092226700146,wallstreetbets___fantasyfootball,HIGH,1
3888,movies,marvelstudios,1.1339322225914454,marvelstudios___movies,HIGH,1
3133,marvelstudios,gameofthrones,1.1354323372935784,gameofthrones___marvelstudios,HIGH,1
4912,worldnews,politics,1.1381766176429975,worldnews___politics,HIGH,1
4298,RoastMe,gonewild,1.1412227163212105,RoastMe___gonewild,HIGH,1
2367,movies,Games,1.1435240577674624,Games___movies,HIGH,1
4888,AmItheAsshole,unpopularopinion,1.148682274903404,unpopularopinion___AmItheAsshole,HIGH,1
1875,wholesomememes,me_irl,1.149594375514135,wholesomememes___me_irl,HIGH,1
3075,wallstreetbets,2007scape,1.1503690591058473,2007scape___wallstreetbets,HIGH,1
3483,freefolk,Cricket,1.1532738134403226,Cricket___freefolk,HIGH,1
2060,personalfinance,fantasyfootball,1.158039976033546,personalfinance___fantasyfootball,HIGH,1
4804,worldnews,news,1.162287677718045,news___worldnews,HIGH,1
2503,conspiracy,ukpolitics,1.1824739420826749,conspiracy___ukpolitics,HIGH,1
3295,politics,PoliticalHumor,1.196949387574206,PoliticalHumor___politics,HIGH,1
1474,television,Games,1.2109386232149701,television___Games,HIGH,1
414,conspiracy,trees,1.2128153736471978,trees___conspiracy,HIGH,1
2605,HistoryMemes,europe,1.212918497917115,europe___HistoryMemes,HIGH,1
1944,wholesomememes,memes,1.2159840779043984,wholesomememes___memes,HIGH,1
3284,The_Donald,PoliticalHumor,1.2246179647453606,PoliticalHumor___The_Donald,HIGH,1
3900,marvelstudios,SquaredCircle,1.2276157237135337,marvelstudios___SquaredCircle,HIGH,1
2118,BlackPeopleTwitter,hiphopheads,1.2286325890791459,hiphopheads___BlackPeopleTwitter,HIGH,1
3125,gameofthrones,Cricket,1.2360332410006167,gameofthrones___Cricket,HIGH,1
2553,AskMen,relationships,1.2391998361778813,relationships___AskMen,HIGH,1
884,gameofthrones,reddevils,1.2527275354958651,reddevils___gameofthrones,HIGH,1
1061,gameofthrones,barstoolsports,1.2532131063140273,barstoolsports___gameofthrones,HIGH,1
3700,AskMen,relationship_advice,1.25345275851308,AskMen___relationship_advice,HIGH,1
2774,HistoryMemes,ChapoTrapHouse,1.259233026490875,HistoryMemes___ChapoTrapHouse,HIGH,1
152,wallstreetbets,neoliberal,1.2627713585380254,neoliberal___wallstreetbets,HIGH,1
1162,marvelstudios,MortalKombat,1.2630566861431618,MortalKombat___marvelstudios,HIGH,1
4882,politics,The_Donald,1.265046750827391,The_Donald___politics,HIGH,1
119,canada,neoliberal,1.2670399952662357,neoliberal___canada,HIGH,1
463,gonewild,trees,1.2755215409551486,trees___gonewild,HIGH,1
4513,politics,ChapoTrapHouse,1.2761029603085015,ChapoTrapHouse___politics,HIGH,1
2800,HistoryMemes,dankmemes,1.280505067556118,HistoryMemes___dankmemes,HIGH,1
3140,gameofthrones,fantasyfootball,1.2821960406134523,gameofthrones___fantasyfootball,HIGH,1
4102,pcmasterrace,DestinyTheGame,1.2878863695723715,pcmasterrace___DestinyTheGame,HIGH,1
3266,PoliticalHumor,ChapoTrapHouse,1.3018957817810324,PoliticalHumor___ChapoTrapHouse,HIGH,1
2462,me_irl,memes,1.3163959122477928,me_irl___memes,HIGH,1
1520,television,movies,1.3186201040086347,television___movies,HIGH,1
2661,europe,soccer,1.321842653599047,europe___soccer,HIGH,1
130,HistoryMemes,neoliberal,1.323209228784984,neoliberal___HistoryMemes,HIGH,1
184,The_Donald,neoliberal,1.3241553362600578,neoliberal___The_Donald,HIGH,1
1077,wallstreetbets,barstoolsports,1.3269098496297551,barstoolsports___wallstreetbets,HIGH,1
2892,pcmasterrace,Rainbow6,1.3282896374351878,Rainbow6___pcmasterrace,HIGH,1
195,politics,neoliberal,1.338536218937811,neoliberal___politics,HIGH,1
4475,worldnews,ukpolitics,1.3414225451909625,ukpolitics___worldnews,HIGH,1
2606,europe,formula1,1.3456036442085462,europe___formula1,HIGH,1
2461,me_irl,teenagers,1.3537145932195676,me_irl___teenagers,HIGH,1
2030,personalfinance,relationships,1.3792581250744056,personalfinance___relationships,HIGH,1
138,PoliticalHumor,neoliberal,1.4025952426033796,neoliberal___PoliticalHumor,HIGH,1
2448,me_irl,PewdiepieSubmissions,1.405442798489679,me_irl___PewdiepieSubmissions,HIGH,1
2460,me_irl,dankmemes,1.4077243487123277,me_irl___dankmemes,HIGH,1
202,DnD,pokemontrades,1.4127524890500271,pokemontrades___DnD,HIGH,1
2436,me_irl,Animemes,1.4178480596713738,me_irl___Animemes,HIGH,1
126,neoliberal,conspiracy,1.4246080378683017,neoliberal___conspiracy,HIGH,1
409,trees,hiphopheads,1.4304208899093471,trees___hiphopheads,HIGH,1
128,europe,neoliberal,1.4399774841489534,neoliberal___europe,HIGH,1
4667,relationship_advice,AmItheAsshole,1.452984541877477,relationship_advice___AmItheAsshole,HIGH,1
2346,NintendoSwitch,Games,1.4578190594789344,Games___NintendoSwitch,HIGH,1
768,DnD,grandorder,1.45834387778861,DnD___grandorder,HIGH,1
4569,memes,Animemes,1.4693498475940472,Animemes___memes,HIGH,1
537,pcmasterrace,GlobalOffensive,1.4906842440082695,GlobalOffensive___pcmasterrace,HIGH,1
4944,memes,teenagers,1.5006134850617354,teenagers___memes,HIGH,1
2675,buildapc,pathofexile,1.5036655619522827,buildapc___pathofexile,HIGH,1
2504,ChapoTrapHouse,conspiracy,1.5120727344172704,conspiracy___ChapoTrapHouse,HIGH,1
297,PS4,xboxone,1.5239208078854893,xboxone___PS4,HIGH,1
2776,HistoryMemes,Animemes,1.5296591736740897,HistoryMemes___Animemes,HIGH,1
4940,teenagers,dankmemes,1.5437121391035695,dankmemes___teenagers,HIGH,1
780,DnD,Warframe,1.5463494467370265,DnD___Warframe,HIGH,1
2144,ChapoTrapHouse,hiphopheads,1.5468536496727423,hiphopheads___ChapoTrapHouse,HIGH,1
2899,Minecraft,Rainbow6,1.5485930506453696,Rainbow6___Minecraft,HIGH,1
108,neoliberal,barstoolsports,1.5657892454447035,neoliberal___barstoolsports,HIGH,1
736,PS4,DestinyTheGame,1.5700530750950485,PS4___DestinyTheGame,HIGH,1
2319,memes,Brawlstars,1.5881632226062665,Brawlstars___memes,HIGH,1
4502,ChapoTrapHouse,The_Donald,1.5981466542595368,ChapoTrapHouse___The_Donald,HIGH,1
775,DnD,ffxiv,1.6029510479628195,DnD___ffxiv,HIGH,1
4385,teenagers,Minecraft,1.610742448303387,Minecraft___teenagers,HIGH,1
4370,Minecraft,FortNiteBR,1.6115697831698685,Minecraft___FortNiteBR,HIGH,1
35,pcgaming,pathofexile,1.618149020209866,pcgaming___pathofexile,HIGH,1
302,xboxone,MortalKombat,1.6227094551877963,xboxone___MortalKombat,HIGH,1
614,pokemon,magicTCG,1.6241178028759269,magicTCG___pokemon,HIGH,1
1821,NintendoSwitch,ffxiv,1.6318817993262171,ffxiv___NintendoSwitch,HIGH,1
2318,teenagers,Brawlstars,1.6325924730287464,Brawlstars___teenagers,HIGH,1
2915,FortNiteBR,Rainbow6,1.6397914400648617,Rainbow6___FortNiteBR,HIGH,1
681,PS4,AnthemTheGame,1.641563389105855,PS4___AnthemTheGame,HIGH,1
2685,buildapc,RocketLeagueExchange,1.6443497816992567,buildapc___RocketLeagueExchange,HIGH,1
2597,relationships,AmItheAsshole,1.6447223458986733,relationships___AmItheAsshole,HIGH,1
16,pcgaming,AnthemTheGame,1.6527456277563912,pcgaming___AnthemTheGame,HIGH,1
4941,memes,dankmemes,1.6531383010650438,dankmemes___memes,HIGH,1
2334,Games,DotA2,1.6665442802845443,Games___DotA2,HIGH,1
2906,Rainbow6,DestinyTheGame,1.6700462790392596,Rainbow6___DestinyTheGame,HIGH,1
716,NintendoSwitch,PS4,1.6745152757426784,PS4___NintendoSwitch,HIGH,1
57,pcmasterrace,pcgaming,1.6767533584400758,pcgaming___pcmasterrace,HIGH,1
4448,MMA,nba,1.6779976095641775,MMA___nba,HIGH,1
1361,FortNiteBR,deadbydaylight,1.6784433679029223,deadbydaylight___FortNiteBR,HIGH,1
2142,MMA,hiphopheads,1.6893261504199855,hiphopheads___MMA,HIGH,1
511,buildapc,GlobalOffensive,1.6898414866325322,GlobalOffensive___buildapc,HIGH,1
4826,teenagers,PewdiepieSubmissions,1.691497939199803,PewdiepieSubmissions___teenagers,HIGH,1
4827,memes,PewdiepieSubmissions,1.6930555289493372,PewdiepieSubmissions___memes,HIGH,1
2317,dankmemes,Brawlstars,1.6933382653905207,Brawlstars___dankmemes,HIGH,1
1728,2007scape,wow,1.7101720717517217,wow___2007scape,HIGH,1
526,GlobalOffensive,FIFA,1.7162402146515152,GlobalOffensive___FIFA,HIGH,1
362,xboxone,DestinyTheGame,1.720735231872749,xboxone___DestinyTheGame,HIGH,1
676,PS4,MortalKombat,1.721495225608255,PS4___MortalKombat,HIGH,1
3195,anime,DotA2,1.725521848758208,DotA2___anime,HIGH,1
4567,dankmemes,Animemes,1.7363718974530924,Animemes___dankmemes,HIGH,1
912,MMA,reddevils,1.7392204895408243,reddevils___MMA,HIGH,1
2167,hiphopheads,nfl,1.744402700996048,hiphopheads___nfl,HIGH,1
2330,Games,pathofexile,1.7591791040517595,Games___pathofexile,HIGH,1
3306,pokemon,NintendoSwitch,1.7610888139745269,pokemon___NintendoSwitch,HIGH,1
4555,PewdiepieSubmissions,Animemes,1.7658641160938688,Animemes___PewdiepieSubmissions,HIGH,1
1556,Games,AnthemTheGame,1.7732672389868038,AnthemTheGame___Games,HIGH,1
1811,pokemon,ffxiv,1.775481274521574,ffxiv___pokemon,HIGH,1
2838,formula1,ukpolitics,1.782682133620483,formula1___ukpolitics,HIGH,1
3807,SquaredCircle,baseball,1.7831432123461497,baseball___SquaredCircle,HIGH,1
2969,DestinyTheGame,pathofexile,1.7863779195179508,pathofexile___DestinyTheGame,HIGH,1
2184,Rainbow6,Warframe,1.7864730696645987,Warframe___Rainbow6,HIGH,1
958,hiphopheads,CollegeBasketball,1.794803003635363,CollegeBasketball___hiphopheads,HIGH,1
1089,MMA,barstoolsports,1.796976266771196,barstoolsports___MMA,HIGH,1
517,GlobalOffensive,2007scape,1.805876475506916,GlobalOffensive___2007scape,HIGH,1
307,xboxone,AnthemTheGame,1.8065914002684307,xboxone___AnthemTheGame,HIGH,1
2122,hiphopheads,FIFA,1.809997936204427,hiphopheads___FIFA,HIGH,1
515,GlobalOffensive,pathofexile,1.8125603347781254,GlobalOffensive___pathofexile,HIGH,1
3144,freefolk,gameofthrones,1.812852801576529,gameofthrones___freefolk,HIGH,1
1730,wow,DotA2,1.817527358150528,wow___DotA2,HIGH,1
2522,The_Donald,conspiracy,1.827851288892312,conspiracy___The_Donald,HIGH,1
4026,anime,leagueoflegends,1.8304875414772614,anime___leagueoflegends,HIGH,1
1046,hiphopheads,barstoolsports,1.8430201403253093,barstoolsports___hiphopheads,HIGH,1
31,pcgaming,buildapc,1.8438259595244222,pcgaming___buildapc,HIGH,1
1129,MortalKombat,ffxiv,1.8489255902448472,MortalKombat___ffxiv,HIGH,1
1144,Rainbow6,MortalKombat,1.8496274460885007,MortalKombat___Rainbow6,HIGH,1
1209,deadbydaylight,grandorder,1.86399426988781,grandorder___deadbydaylight,HIGH,1
4372,PewdiepieSubmissions,Minecraft,1.8705548660376814,Minecraft___PewdiepieSubmissions,HIGH,1
1107,SquaredCircle,barstoolsports,1.8712478542788857,barstoolsports___SquaredCircle,HIGH,1
3609,SquaredCircle,FIFA,1.8716254549247735,FIFA___SquaredCircle,HIGH,1
3605,FortNiteBR,FIFA,1.8727832087330623,FIFA___FortNiteBR,HIGH,1
2220,Animemes,Warframe,1.8756453638395287,Warframe___Animemes,HIGH,1
1769,wow,leagueoflegends,1.8786791335530768,wow___leagueoflegends,HIGH,1
612,DotA2,magicTCG,1.887660373829113,magicTCG___DotA2,HIGH,1
26,pcgaming,Games,1.890352650741865,pcgaming___Games,HIGH,1
4825,dankmemes,PewdiepieSubmissions,1.8995802279677074,PewdiepieSubmissions___dankmemes,HIGH,1
1994,canada,hockey,1.909642087035637,canada___hockey,HIGH,1
2880,Rainbow6,RocketLeagueExchange,1.9165346550574542,Rainbow6___RocketLeagueExchange,HIGH,1
3198,DotA2,classicwow,1.9203959216150974,DotA2___classicwow,HIGH,1
558,GlobalOffensive,leagueoflegends,1.9258288758828308,GlobalOffensive___leagueoflegends,HIGH,1
336,xboxone,RocketLeagueExchange,1.9425690931982356,xboxone___RocketLeagueExchange,HIGH,1
2287,Minecraft,Brawlstars,1.9531769055096257,Brawlstars___Minecraft,HIGH,1
1848,leagueoflegends,ffxiv,1.9597390894528433,ffxiv___leagueoflegends,HIGH,1
2817,formula1,FIFA,1.9612787241334635,formula1___FIFA,HIGH,1
1300,deadbydaylight,ffxiv,1.9774672217690954,deadbydaylight___ffxiv,HIGH,1
1237,pokemon,grandorder,1.9777264196594284,grandorder___pokemon,HIGH,1
2169,hiphopheads,nba,1.984695041359247,hiphopheads___nba,HIGH,1
4454,ChapoTrapHouse,ukpolitics,1.9905930868277593,ukpolitics___ChapoTrapHouse,HIGH,1
266,DestinyTheGame,pokemontrades,1.9961217345455866,pokemontrades___DestinyTheGame,HIGH,1
3099,2007scape,leagueoflegends,2.000269950092939,2007scape___leagueoflegends,HIGH,1
1126,AnthemTheGame,MortalKombat,2.0051536546006536,MortalKombat___AnthemTheGame,HIGH,1
2640,europe,ukpolitics,2.0087473188758906,europe___ukpolitics,HIGH,1
2697,buildapc,pcmasterrace,2.012934850924074,buildapc___pcmasterrace,HIGH,1
1194,SquaredCircle,MortalKombat,2.0156064861594007,MortalKombat___SquaredCircle,HIGH,1
1796,Games,ffxiv,2.0299824147747043,ffxiv___Games,HIGH,1
200,magicTCG,pokemontrades,2.036325975215456,pokemontrades___magicTCG,HIGH,1
4518,hockey,CFB,2.039916739433182,hockey___CFB,HIGH,1
1825,anime,ffxiv,2.046278325197222,ffxiv___anime,HIGH,1
2305,Brawlstars,PewdiepieSubmissions,2.047369632758534,Brawlstars___PewdiepieSubmissions,HIGH,1
592,magicTCG,ffxiv,2.0484400307373507,magicTCG___ffxiv,HIGH,1
585,magicTCG,grandorder,2.052072232593726,magicTCG___grandorder,HIGH,1
2935,2007scape,pathofexile,2.0629466883528282,pathofexile___2007scape,HIGH,1
4536,hockey,nfl,2.081580676468834,hockey___nfl,HIGH,1
1004,hockey,CollegeBasketball,2.0929311016838135,CollegeBasketball___hockey,HIGH,1
2859,soccer,formula1,2.0960201166598824,formula1___soccer,HIGH,1
4474,soccer,ukpolitics,2.1001267669675894,ukpolitics___soccer,HIGH,1
1235,DotA2,grandorder,2.1068162674895707,grandorder___DotA2,HIGH,1
2268,RocketLeagueExchange,Brawlstars,2.109092783290126,Brawlstars___RocketLeagueExchange,HIGH,1
580,DnD,magicTCG,2.1129358387380073,magicTCG___DnD,HIGH,1
1305,deadbydaylight,Warframe,2.1239815913668347,deadbydaylight___Warframe,HIGH,1
3079,2007scape,classicwow,2.1258288637967993,2007scape___classicwow,HIGH,1
3816,nba,baseball,2.1362770029162,baseball___nba,HIGH,1
2579,relationship_advice,relationships,2.1403353347409646,relationships___relationship_advice,HIGH,1
4439,MMA,SquaredCircle,2.1541851424046277,MMA___SquaredCircle,HIGH,1
1841,DestinyTheGame,ffxiv,2.1546130865750297,ffxiv___DestinyTheGame,HIGH,1
4644,nba,CFB,2.1551956499815517,CFB___nba,HIGH,1
1565,AnthemTheGame,pathofexile,2.168942319303243,AnthemTheGame___pathofexile,HIGH,1
879,formula1,reddevils,2.1759975140529404,reddevils___formula1,HIGH,1
2303,Brawlstars,FortNiteBR,2.215046484229727,Brawlstars___FortNiteBR,HIGH,1
608,magicTCG,pathofexile,2.2197783220300082,magicTCG___pathofexile,HIGH,1
4203,nba,fantasyfootball,2.242475230321448,fantasyfootball___nba,HIGH,1
1274,leagueoflegends,grandorder,2.242845158894721,grandorder___leagueoflegends,HIGH,1
240,RocketLeagueExchange,pokemontrades,2.2461732859984194,pokemontrades___RocketLeagueExchange,HIGH,1
1828,classicwow,ffxiv,2.2490497584053077,ffxiv___classicwow,HIGH,1
2976,leagueoflegends,pathofexile,2.2744390463247903,pathofexile___leagueoflegends,HIGH,1
3553,FortNiteBR,RocketLeagueExchange,2.277656017149075,RocketLeagueExchange___FortNiteBR,HIGH,1
1092,hockey,barstoolsports,2.2933665578749247,barstoolsports___hockey,HIGH,1
4923,nba,nfl,2.315960733200723,nfl___nba,HIGH,1
246,NintendoSwitch,pokemontrades,2.3387592390162126,pokemontrades___NintendoSwitch,HIGH,1
3792,hockey,baseball,2.3592525749459408,baseball___hockey,HIGH,1
3782,baseball,fantasyfootball,2.3645147651518466,baseball___fantasyfootball,HIGH,1
2221,Warframe,DestinyTheGame,2.365491827457825,Warframe___DestinyTheGame,HIGH,1
1726,wow,pathofexile,2.3716006951722672,wow___pathofexile,HIGH,1
165,ukpolitics,neoliberal,2.375002178282077,neoliberal___ukpolitics,HIGH,1
913,reddevils,ukpolitics,2.3807578111323062,reddevils___ukpolitics,HIGH,1
519,GlobalOffensive,DotA2,2.3875328734947394,GlobalOffensive___DotA2,HIGH,1
1315,Rainbow6,deadbydaylight,2.3905384640312644,deadbydaylight___Rainbow6,HIGH,1
1028,nba,CollegeBasketball,2.416340290483128,CollegeBasketball___nba,HIGH,1
1114,nfl,barstoolsports,2.4228493550398436,barstoolsports___nfl,HIGH,1
3466,FIFA,Cricket,2.4296607086112956,Cricket___FIFA,HIGH,1
3814,nfl,baseball,2.431156643022574,baseball___nfl,HIGH,1
207,pokemontrades,grandorder,2.448627110718722,pokemontrades___grandorder,HIGH,1
1554,AnthemTheGame,Warframe,2.448845648816142,AnthemTheGame___Warframe,HIGH,1
1073,barstoolsports,baseball,2.453219550412178,barstoolsports___baseball,HIGH,1
2815,formula1,Cricket,2.453582689183611,formula1___Cricket,HIGH,1
3487,ukpolitics,Cricket,2.469273500853576,Cricket___ukpolitics,HIGH,1
4183,CFB,fantasyfootball,2.496386616770926,fantasyfootball___CFB,HIGH,1
2956,classicwow,pathofexile,2.514199822183371,pathofexile___classicwow,HIGH,1
3796,baseball,CFB,2.5273308464737383,baseball___CFB,HIGH,1
994,fantasyfootball,CollegeBasketball,2.558701451816643,CollegeBasketball___fantasyfootball,HIGH,1
1549,AnthemTheGame,ffxiv,2.5680234579309507,AnthemTheGame___ffxiv,HIGH,1
214,pokemontrades,ffxiv,2.5717702090763903,pokemontrades___ffxiv,HIGH,1
1794,Warframe,ffxiv,2.576360957892355,ffxiv___Warframe,HIGH,1
2185,Warframe,pathofexile,2.583027211673342,Warframe___pathofexile,HIGH,1
1220,grandorder,Warframe,2.60140564867934,grandorder___Warframe,HIGH,1
1026,nfl,CollegeBasketball,2.60838195896641,CollegeBasketball___nfl,HIGH,1
985,baseball,CollegeBasketball,2.6194818097382875,CollegeBasketball___baseball,HIGH,1
3508,Cricket,soccer,2.6284994327330122,Cricket___soccer,HIGH,1
1096,CFB,barstoolsports,2.6296570159161146,barstoolsports___CFB,HIGH,1
1710,ffxiv,wow,2.6483302672514966,wow___ffxiv,HIGH,1
3519,FIFA,RocketLeagueExchange,2.6736588358321733,RocketLeagueExchange___FIFA,HIGH,1
4642,CFB,nfl,2.6771718570128566,CFB___nfl,HIGH,1
1123,MortalKombat,deadbydaylight,2.682680495253824,MortalKombat___deadbydaylight,HIGH,1
1805,pathofexile,ffxiv,2.699640281624733,ffxiv___pathofexile,HIGH,1
1082,fantasyfootball,barstoolsports,2.7020448995086475,barstoolsports___fantasyfootball,HIGH,1
2937,DotA2,pathofexile,2.765425283655012,pathofexile___DotA2,HIGH,1
945,barstoolsports,CollegeBasketball,2.789032328923875,CollegeBasketball___barstoolsports,HIGH,1
1601,DestinyTheGame,AnthemTheGame,2.8316142820591397,AnthemTheGame___DestinyTheGame,HIGH,1
166,neoliberal,ChapoTrapHouse,2.841649435799814,neoliberal___ChapoTrapHouse,HIGH,1
4201,fantasyfootball,nfl,2.856740382926327,fantasyfootball___nfl,HIGH,1
4018,anime,Animemes,2.9844269053279047,anime___Animemes,HIGH,1
1749,classicwow,wow,3.103741987175921,wow___classicwow,HIGH,1
890,reddevils,Cricket,3.1960367761159114,reddevils___Cricket,HIGH,1
236,pokemon,pokemontrades,3.235054994702176,pokemontrades___pokemon,HIGH,1
1215,grandorder,ffxiv,3.236752295567641,grandorder___ffxiv,HIGH,1
1266,Animemes,grandorder,3.273345912645665,grandorder___Animemes,HIGH,1
3613,FIFA,soccer,3.322369796265833,FIFA___soccer,HIGH,1
1251,anime,grandorder,3.4319191688018633,grandorder___anime,HIGH,1
1008,CollegeBasketball,CFB,3.445987454894359,CollegeBasketball___CFB,HIGH,1
934,reddevils,soccer,3.515170200569879,reddevils___soccer,HIGH,1
892,FIFA,reddevils,3.7598472648218513,reddevils___FIFA,HIGH,1